{
   "dashboards": [{
      "autoswitchEnabled": false,
      "columnCount": 1,
      "columnProportion": "1-1",
      "creationTime": 1603577707912,
      "dashboardNavigations": {},
      "description": "",
      "disabled": false,
      "gridsterMaxColumns": 12,
      "hidden": false,
      "homeTab": false,
      "id": "ece2161e-4980-422d-ac97-a36f9f563479",
      "importAttempts": 0,
      "importComplete": true,
      "lastUpdateTime": 1603579628666,
      "lastUpdateUserId": "b59d581a-9b93-4155-b94f-708edbb02cb8",
      "locked": false,
      "name": "VM Growth",
      "rank": 0,
      "shared": false,
      "states": [],
      "temporary": false,
      "userId": "b59d581a-9b93-4155-b94f-708edbb02cb8",
      "widgetInteractions": [],
      "widgets": [
         {
            "collapsed": false,
            "config": {
               "columnSequence": {"columnSequence": "labelFirst"},
               "customFilter": {
                  "excludedResources": null,
                  "filter": [{
                     "filterTypes": [],
                     "resourceKind": "002006VMWAREVirtualMachine"
                  }],
                  "includedResources": null
               },
               "depth": 1,
               "metric": {
                  "mode": "resourceKind",
                  "resourceKindMetrics": [{
                     "colorMethod": 1,
                     "handleOldColoring": false,
                     "id": "extModel28441-2",
                     "isStringMetric": false,
                     "metricKey": "diskspace|used",
                     "metricName": "Disk Space|Virtual Machine used",
                     "metricUnitId": "gb",
                     "orangeBound": null,
                     "redBound": null,
                     "resourceKindId": "resourceKind:id:0_::_",
                     "resourceKindName": "Virtual Machine",
                     "unit": "GB",
                     "yellowBound": null
                  }],
                  "resourceMetrics": [{
                     "colorMethod": 1,
                     "handleOldColoring": false,
                     "id": "extModel28441-1",
                     "isStringMetric": false,
                     "metricKey": "diskspace|used",
                     "metricName": "Disk Space|Virtual Machine used",
                     "metricUnitId": "gb",
                     "orangeBound": null,
                     "redBound": null,
                     "resourceId": "resource:id:0_::_",
                     "resourceKindId": "002006VMWAREVirtualMachine",
                     "resourceName": "RDS-Test1",
                     "unit": "GB",
                     "yellowBound": null
                  }],
                  "subMode": "resourceKindAll"
               },
               "refreshContent": {"refreshContent": false},
               "refreshInterval": 300,
               "relationshipMode": {"relationshipMode": 0},
               "resInteractionMode": null,
               "resource": [],
               "selfProvider": {"selfProvider": true},
               "showDT": {"showDT": true},
               "showResourceName": {"showObjectName": true},
               "title": "Sparkline Chart"
            },
            "gridsterCoords": {
               "h": 8,
               "w": 12,
               "x": 1,
               "y": 1
            },
            "height": 438,
            "id": "ff1cf804-a1d6-4091-bf57-25b346a0777b",
            "states": [{
               "key": "permDateRange_widget_ece2161e-4980-422d-ac97-a36f9f563479_ff1cf804-a1d6-4091-bf57-25b346a0777b",
               "value": "s%3A%7B%22dateRange%22%3A%22dashboardTime%22%2C%22dateFrom%22%3Anull%2C%22dateTo%22%3Anull%2C%22timeFrom%22%3Anull%2C%22timeTo%22%3Anull%7D"
            }],
            "title": "Sparkline Chart",
            "type": "SparklineChart"
         },
         {
            "collapsed": false,
            "config": {
               "chartViewItems": [],
               "isUpdatedView": true,
               "refreshContent": {"refreshContent": false},
               "refreshInterval": 300,
               "resource": {
                  "id": "Ext.vcops.chrome.model.Resource-3",
                  "resourceId": "resource:id:1_::_",
                  "resourceKindId": "002006VMWAREvSphere World",
                  "resourceName": "vSphere World",
                  "traversalSpecId": ""
               },
               "selectFirstRow": {"selectFirstRow": false},
               "selfProvider": {"selfProvider": true},
               "title": "VM Growth over 3 Days",
               "traversalSpecId": null,
               "viewDefinitionId": "3b3dd066-3595-4ded-9fd0-02b186d524be"
            },
            "gridsterCoords": {
               "h": 6,
               "w": 12,
               "x": 1,
               "y": 9
            },
            "height": 324,
            "id": "bfc4e2a1-cc75-4351-8616-836d5f05980b",
            "title": "VM Growth over 3 Days",
            "type": "View"
         }
      ]
   }],
   "entries": {
      "resource": [
         {
            "adapterKindKey": "VMWARE",
            "identifiers": [
               {
                  "key": "VMEntityObjectID",
                  "value": "vm-10626"
               },
               {
                  "key": "VMEntityVCID",
                  "value": "c1818e61-8d43-4c88-b9a1-cff87ee717b6"
               }
            ],
            "internalId": "resource:id:0_::_",
            "name": "RDS-Test1",
            "resourceKindKey": "VirtualMachine"
         },
         {
            "adapterKindKey": "VMWARE",
            "identifiers": [],
            "internalId": "resource:id:1_::_",
            "name": "vSphere World",
            "resourceKindKey": "vSphere World"
         }
      ],
      "resourceKind": [{
         "adapterKindKey": "VMWARE",
         "internalId": "resourceKind:id:0_::_",
         "resourceKindKey": "VirtualMachine"
      }]
   },
   "uuid": "e77f9f14-a686-44fa-a383-74aa5158d790"
}